{"cameraMode":{"drawMode":0,"name":"Shaded","section":"Shading Mode"},"sceneLighting":true,"audioPlay":false,"sceneViewState":{"showFog":true,"showMaterialUpdate":true,"showSkybox":true,"showFlares":true,"showImageEffects":true,"showParticleSystems":true},"in2DMode":false,"pivot":{"x":3.738295555114746,"y":0.01610502228140831,"z":-0.3243701457977295},"rotation":{"x":0.06702082604169846,"y":0.6916726231575012,"z":-0.06472780555486679,"w":0.7161755561828613},"size":10.0,"orthographic":false}